8986031740206755706;1064959646336;郑州锐目通讯
8986031740206755707;1064959617289;
8986031740206755708;1064959617609;
8986031740206755709;1064959617669;
8986031740206755710;1064959617369;
8986031740206755711;1064959617349;
8986031740206755712;1064959617309;
8986031740206755713;1064959617389;
8986031740206755714;1064959617629;
8986031740206755715;1064959617649;
8986031740206755716;1064959617329;
8986031740206755717;1064959624426;
8986031740206755718;1064959624406;
8986031740206755719;1064959624586;
8986031740206755720;1064959624526;
8986031740206755721;1064959624506;
8986031740206755722;1064959624466;
8986031740206755723;1064959624446;
8986031740206755724;1064959624486;
8986031740206755725;1064959624566;
8986031740206755726;1064959624546;
8986031740206755727;1064959638563;
8986031740206755728;1064959638603;
8986031740206755729;1064959638263;
8986031740206755730;1064959638283;
8986031740206755731;1064959638583;
8986031740206755732;1064959638643;
8986031740206755733;1064959638623;
8986031740206755734;1064959638303;
8986031740206755735;1064959638543;
8986031740206755736;1064959638323;
8986031740206755737;1064959623793;
8986031740206755738;1064959624873;
8986031740206755739;1064959623733;
8986031740206755740;1064959623853;
8986031740206755741;1064959623833;
8986031740206755742;1064959623813;
8986031740206755743;1064959624853;
8986031740206755744;1064959623773;
8986031740206755745;1064959623753;
8986031740206755746;1064959623713;
8986031740206755747;1064959615168;
8986031740206755748;1064959615328;
8986031740206755749;1064959615228;
8986031740206755750;1064959615148;
8986031740206755751;1064959615188;
8986031740206755752;1064959615208;
8986031740206755753;1064959615288;
8986031740206755754;1064959615308;
8986031740206755755;1064959615248;
8986031740206755756;1064959615268;
8986031740206755757;1064959615829;
8986031740206755758;1064959615869;
8986031740206755759;1064959615889;
8986031740206755760;1064959612449;
8986031740206755761;1064959612429;
8986031740206755762;1064959615909;
8986031740206755763;1064959615849;
8986031740206755764;1064959615809;
8986031740206755765;1064959612469;
8986031740206755766;1064959612409;
8986031740206755767;1064959640763;
8986031740206755768;1064959640723;
8986031740206755769;1064959640863;
8986031740206755770;1064959640703;
8986031740206755771;1064959640843;
8986031740206755772;1064959640803;
8986031740206755773;1064959640683;
8986031740206755774;1064959640743;
8986031740206755775;1064959640823;
8986031740206755776;1064959640783;
8986031740206755777;1064959637716;
8986031740206755778;1064959638676;
8986031740206755779;1064959638616;
8986031740206755780;1064959644056;
8986031740206755781;1064959631016;
8986031740206755782;1064959637216;
8986031740206755783;1064959637196;
8986031740206755784;1064959637236;
8986031740206755785;1064959627576;
8986031740206755786;1064959644076;
8986031740206755787;1064959630985;
8986031740206755788;1064959630905;
8986031740206755789;1064959631045;
8986031740206755790;1064959630965;
8986031740206755791;1064959630945;
8986031740206755792;1064959631025;
8986031740206755793;1064959631005;
8986031740206755794;1064959630925;
8986031740206755795;1064959630865;
8986031740206755796;1064959630885;
8986031740206755797;1064959619981;
8986031740206755798;1064959617441;
8986031740206755799;1064959617381;
8986031740206755800;1064959620001;
8986031740206755801;1064959617461;
8986031740206755802;1064959619961;
8986031740206755803;1064959619941;
8986031740206755804;1064959648227;
8986031740206755805;1064959648327;
8986031740206755806;1064959636239;
8986031740206755807;1064959636399;
8986031740206755808;1064959636319;
8986031740206755809;1064959636379;
8986031740206755810;1064959636259;
8986031740206755811;1064959636279;
8986031740206755812;1064959636359;
8986031740206755813;1064959636419;
8986031740206755814;1064959636339;
8986031740206755815;1064959636299;
8986031740206755816;1064959645647;
8986031740206755817;1064959645487;
8986031740206755818;1064959645547;
8986031740206755819;1064959645607;
8986031740206755820;1064959645507;
8986031740206755821;1064959645627;
8986031740206755822;1064959645567;
8986031740206755823;1064959645667;
8986031740206755824;1064959645587;
8986031740206755825;1064959645527;
8986031740206755826;1064959644347;
8986031740206755827;1064959644247;
8986031740206755828;1064959644307;
8986031740206755829;1064959644287;
8986031740206755830;1064959644367;
8986031740206755831;1064959644387;
8986031740206755832;1064959644187;
8986031740206755833;1064959644267;
8986031740206755834;1064959644327;
8986031740206755835;1064959644227;
8986031740206755836;1064959645537;
8986031740206755837;1064959645877;
8986031740206755838;1064959645817;
8986031740206755839;1064959645897;
8986031740206755840;1064959645917;
8986031740206755841;1064959645857;
8986031740206755842;1064959645597;
8986031740206755843;1064959645837;
8986031740206755844;1064959645577;
8986031740206755845;1064959645557;
8986031740206755846;1064959640343;
8986031740206755847;1064959640423;
8986031740206755848;1064959640403;
8986031740206755849;1064959640463;
8986031740206755850;1064959640363;
8986031740206755851;1064959640443;
8986031740206755852;1064959640383;
8986031740206755853;1064959640483;
8986031740206755854;1064959640503;
8986031740206755855;1064959640523;
8986031740206755856;1064959645776;
8986031740206755857;1064959645596;
8986031740206755858;1064959645656;
8986031740206755859;1064959645636;
8986031740206755860;1064959645616;
8986031740206755861;1064959645676;
8986031740206755862;1064959645736;
8986031740206755863;1064959645756;
8986031740206755864;1064959645716;
8986031740206755865;1064959645696;
8986031740206755866;1064959625046;
8986031740206755867;1064959625106;
8986031740206755868;1064959625026;
8986031740206755869;1064959624986;
8986031740206755870;1064959625086;
8986031740206755871;1064959625006;
8986031740206755872;1064959624946;
8986031740206755873;1064959625066;
8986031740206755874;1064959624926;
8986031740206755875;1064959624966;
8986031740206755876;1064959648007;
8986031740206755877;1064959647967;
8986031740206755878;1064959647987;
8986031740206755879;1064959648027;
8986031740206755880;1064959648047;
8986031740206755881;1064959647907;
8986031740206755882;1064959647927;
8986031740206755883;1064959647867;
8986031740206755884;1064959647947;
8986031740206755885;1064959647887;
8986031740206755886;1064959623593;
8986031740206755887;1064959625593;
8986031740206755888;1064959625373;
8986031740206755889;1064959625613;
8986031740206755890;1064959623573;
8986031740206755891;1064959625713;
8986031740206755892;1064959625693;
8986031740206755893;1064959625673;
8986031740206755894;1064959625633;
8986031740206755895;1064959625653;
8986031740206755896;1064959636699;
8986031740206755897;1064959636599;
8986031740206755898;1064959636659;
8986031740206755899;1064959636559;
8986031740206755900;1064959636679;
8986031740206755901;1064959636739;
8986031740206755902;1064959636639;
8986031740206755903;1064959636719;
8986031740206755904;1064959636579;
8986031740206755905;1064959636619;
8986031740206755906;1064959640530;
8986031740206755907;1064959640550;
8986031740206755908;1064959640690;
8986031740206755909;1064959640710;
8986031740206755910;1064959640570;
8986031740206755911;1064959640610;
8986031740206755912;1064959640630;
8986031740206755913;1064959640590;
8986031740206755914;1064959640650;
8986031740206755915;1064959640670;
8986031740206755916;1064959640510;
8986031740206755917;1064959640790;
8986031740206755918;1064959640870;
8986031740206755919;1064959640490;
8986031740206755920;1064959640810;
8986031740206755921;1064959640750;
8986031740206755922;1064959640730;
8986031740206755923;1064959640770;
8986031740206755924;1064959640830;
8986031740206755925;1064959640850;
8986031740206755926;1064959646596;
8986031740206755927;1064959646616;
8986031740206755928;1064959646696;
8986031740206755929;1064959646656;
8986031740206755930;1064959646556;
8986031740206755931;1064959646636;
8986031740206755932;1064959646716;
8986031740206755933;1064959646576;
8986031740206755934;1064959646676;
8986031740206755935;1064959646736;
8986031740206755936;1064959618494;
8986031740206755937;1064959618514;
8986031740206755938;1064959618534;
8986031740206755939;1064959618614;
8986031740206755940;1064959618634;
8986031740206755941;1064959618574;
8986031740206755942;1064959618474;
8986031740206755943;1064959618594;
8986031740206755944;1064959618654;
8986031740206755945;1064959618554;
8986031740206755946;1064959635987;
8986031740206755947;1064959638327;
8986031740206755948;1064959643127;
8986031740206755949;1064959638347;
8986031740206755950;1064959643107;
8986031740206755951;1064959634227;
8986031740206755952;1064959635967;
8986031740206755953;1064959643147;
8986031740206755954;1064959638367;
8986031740206755955;1064959638387;
8986031740206755956;1064959616508;
8986031740206755957;1064959616468;
8986031740206755958;1064959616448;
8986031740206755959;1064959616428;
8986031740206755960;1064959616528;
8986031740206755961;1064959616408;
8986031740206755962;1064959616568;
8986031740206755963;1064959616488;
8986031740206755964;1064959616548;
8986031740206755965;1064959616588;
8986031740206755966;1064959627752;
8986031740206755967;1064959627912;
8986031740206755968;1064959627792;
8986031740206755969;1064959627772;
8986031740206755970;1064959627872;
8986031740206755971;1064959627892;
8986031740206755972;1064959627852;
8986031740206755973;1064959627832;
8986031740206755974;1064959627812;
8986031740206755975;1064959627932;
8986031740206755976;1064959625618;
8986031740206755977;1064959625178;
8986031740206755978;1064959625198;
8986031740206755979;1064959625658;
8986031740206755980;1064959625138;
8986031740206755981;1064959625638;
8986031740206755982;1064959625118;
8986031740206755983;1064959625098;
8986031740206755984;1064959625158;
8986031740206755985;1064959627798;
8986031740206755986;1064959627532;
8986031740206755987;1064959627452;
8986031740206755988;1064959627492;
8986031740206755989;1064959627372;
8986031740206755990;1064959627512;
8986031740206755991;1064959627412;
8986031740206755992;1064959627392;
8986031740206755993;1064959627472;
8986031740206755994;1064959627552;
8986031740206755995;1064959627572;
8986031740206755996;1064959630718;
8986031740206755997;1064959630698;
8986031740206755998;1064959630758;
8986031740206755999;1064959630658;
8986031740206756000;1064959630838;
8986031740206756001;1064959630798;
8986031740206756002;1064959630778;
8986031740206756003;1064959630678;
8986031740206756004;1064959630818;
8986031740206756005;1064959630738;
8986031740206756006;1064959630018;
8986031740206756007;1064959629838;
8986031740206756008;1064959629958;
8986031740206756009;1064959629898;
8986031740206756010;1064959629878;
8986031740206756011;1064959629978;
8986031740206756012;1064959629998;
8986031740206756013;1064959629938;
8986031740206756014;1064959629858;
8986031740206756015;1064959629918;
8986031740206756016;1064959619654;
8986031740206756017;1064959619594;
8986031740206756018;1064959619694;
8986031740206756019;1064959619674;
8986031740206756020;1064959619554;
8986031740206756021;1064959619634;
8986031740206756022;1064959619574;
8986031740206756023;1064959619534;
8986031740206756024;1064959619514;
8986031740206756025;1064959619614;
8986031740206756026;1064959645207;
8986031740206756027;1064959645187;
8986031740206756028;1064959646087;
8986031740206756029;1064959645447;
8986031740206756030;1064959645227;
8986031740206756031;1064959645167;
8986031740206756032;1064959644927;
8986031740206756033;1064959645147;
8986031740206756034;1064959645467;
8986031740206756035;1064959644907;
8986031740206756036;1064959633895;
8986031740206756037;1064959633915;
8986031740206756038;1064959634055;
8986031740206756039;1064959634035;
8986031740206756040;1064959633995;
8986031740206756041;1064959633955;
8986031740206756042;1064959633975;
8986031740206756043;1064959634075;
8986031740206756044;1064959634095;
8986031740206756045;1064959634015;
8986031740206756046;1064959647196;
8986031740206756047;1064959647236;
8986031740206756048;1064959646936;
8986031740206756049;1064959646916;
8986031740206756050;1064959647176;
8986031740206756051;1064959647216;
8986031740206756052;1064959647156;
8986031740206756053;1064959646827;
8986031740206756054;1064959646907;
8986031740206756055;1064959646947;
8986031740206756056;1064959646787;
8986031740206756057;1064959646967;
8986031740206756058;1064959646807;
8986031740206756059;1064959646847;
8986031740206756060;1064959646867;
8986031740206756061;1064959646887;
8986031740206756062;1064959646927;
8986031740206756063;1064959634515;
8986031740206756064;1064959634435;
8986031740206756065;1064959634455;
8986031740206756066;1064959634595;
8986031740206756067;1064959634415;
8986031740206756068;1064959634535;
8986031740206756069;1064959634475;
8986031740206756070;1064959634575;
8986031740206756071;1064959634555;
8986031740206756072;1064959634495;
8986031740206756073;1064959647936;
8986031740206756074;1064959647996;
8986031740206756075;1064959647856;
8986031740206756076;1064959647876;
8986031740206756077;1064959648036;
8986031740206756078;1064959647956;
8986031740206756079;1064959647976;
8986031740206756080;1064959647916;
8986031740206756081;1064959647896;
8986031740206756082;1064959648016;
8986031740206756083;1064959617408;
8986031740206756084;1064959617448;
8986031740206756085;1064959617488;
8986031740206756086;1064959617528;
8986031740206756087;1064959617348;
8986031740206756088;1064959617508;
8986031740206756089;1064959617468;
8986031740206756090;1064959617388;
8986031740206756091;1064959617368;
8986031740206756092;1064959617428;
8986031740206756093;1064959647817;
8986031740206756094;1064959647757;
8986031740206756095;1064959647897;
8986031740206756096;1064959647877;
8986031740206756097;1064959647837;
8986031740206756098;1064959647737;
8986031740206756099;1064959647777;
8986031740206756100;1064959647917;
8986031740206756101;1064959647857;
8986031740206756102;1064959647797;
8986031740206756103;1064959633595;
8986031740206756104;1064959633695;
8986031740206756105;1064959633715;
8986031740206756106;1064959626033;
8986031740206756107;1064959626173;
8986031740206756108;1064959626153;
8986031740206756109;1064959626113;
8986031740206756110;1064959626013;
8986031740206756111;1064959626053;
8986031740206756112;1064959626133;
8986031740206756113;1064959626073;
8986031740206756114;1064959626193;
8986031740206756115;1064959626093;
8986031740206756116;1064959628038;
8986031740206756117;1064959628018;
8986031740206756118;1064959627858;
8986031740206756119;1064959627958;
8986031740206756120;1064959627878;
8986031740206756121;1064959627898;
8986031740206756122;1064959627918;
8986031740206756123;1064959627998;
8986031740206756124;1064959627938;
8986031740206756125;1064959627978;
8986031740206756126;1064959644916;
8986031740206756127;1064959644996;
8986031740206756128;1064959644876;
8986031740206756129;1064959644836;
8986031740206756130;1064959645016;
8986031740206756131;1064959644896;
8986031740206756132;1064959644856;
8986031740206756133;1064959644976;
8986031740206756134;1064959644936;
8986031740206756135;1064959644956;
8986031740206756136;1064959631325;
8986031740206756137;1064959631225;
8986031740206756138;1064959631185;
8986031740206756139;1064959631205;
8986031740206756140;1064959631305;
8986031740206756141;1064959631265;
8986031740206756142;1064959631145;
8986031740206756143;1064959631285;
8986031740206756144;1064959631245;
8986031740206756145;1064959631165;
8986031740206756146;1064959625971;
8986031740206756147;1064959626151;
8986031740206756148;1064959625991;
8986031740206756149;1064959626071;
8986031740206756150;1064959626051;
8986031740206756151;1064959626011;
8986031740206756152;1064959626091;
8986031740206756153;1064959626111;
8986031740206756154;1064959626131;
8986031740206756155;1064959626031;
8986031740206756156;1064959619154;
8986031740206756157;1064959619454;
8986031740206756158;1064959619214;
8986031740206756159;1064959619734;
8986031740206756160;1064959619194;
8986031740206756161;1064959619474;
8986031740206756162;1064959619714;
8986031740206756163;1064959619174;
8986031740206756164;1064959619494;
8986031740206756165;1064959619234;
8986031740206756166;1064959622121;
8986031740206756167;1064959622381;
8986031740206756168;1064959622161;
8986031740206756169;1064959622081;
8986031740206756170;1064959622401;
8986031740206756171;1064959622061;
8986031740206756172;1064959622441;
8986031740206756173;1064959622421;
8986031740206756174;1064959622101;
8986031740206756175;1064959622141;
8986031740206756176;1064959633264;
8986031740206756177;1064959633164;
8986031740206756178;1064959633124;
8986031740206756179;1064959633204;
8986031740206756180;1064959633224;
8986031740206756181;1064959633104;
8986031740206756182;1064959633184;
8986031740206756183;1064959633144;
8986031740206756184;1064959633284;
8986031740206756185;1064959633244;
8986031740206756186;1064959619689;
8986031740206756187;1064959619589;
8986031740206756188;1064959619629;
8986031740206756189;1064959619569;
8986031740206756190;1064959619649;
8986031740206756191;1064959619669;
8986031740206756192;1064959619729;
8986031740206756193;1064959619609;
8986031740206756194;1064959619709;
8986031740206756195;1064959619749;
8986031740206756196;1064959617928;
8986031740206756197;1064959617848;
8986031740206756198;1064959617948;
8986031740206756199;1064959617868;
8986031740206756200;1064959618008;
8986031740206756201;1064959617828;
8986031740206756202;1064959617988;
8986031740206756203;1064959617888;
8986031740206756204;1064959617908;
8986031740206756205;1064959617968;
8986031740206750706;1064959621632;
8986031740206750707;1064959623352;
8986031740206750708;1064959621672;
8986031740206750709;1064959623072;
8986031740206750710;1064959623112;
8986031740206750711;1064959623312;
8986031740206750712;1064959623052;
8986031740206750713;1064959623092;
8986031740206750714;1064959623332;
8986031740206750715;1064959621652;
8986031740206750716;1064959634335;
8986031740206750717;1064959634675;
8986031740206750718;1064959634375;
8986031740206750719;1064959634355;
8986031740206750720;1064959634615;
8986031740206750721;1064959634635;
8986031740206750722;1064959634315;
8986031740206750723;1064959634395;
8986031740206750724;1064959634695;
8986031740206750725;1064959634655;
8986031740206750726;1064959617028;
8986031740206750727;1064959617108;
8986031740206750728;1064959617088;
8986031740206750729;1064959616968;
8986031740206750730;1064959616948;
8986031740206750731;1064959617208;
8986031740206750732;1064959616988;
8986031740206750733;1064959641123;
8986031740206750734;1064959641203;
8986031740206750735;1064959641183;
8986031740206750736;1064959641143;
8986031740206750737;1064959641083;
8986031740206750738;1064959641263;
8986031740206750739;1064959641243;
8986031740206750740;1064959641223;
8986031740206750741;1064959641103;
8986031740206750742;1064959641163;
8986031740206750743;1064959634279;
8986031740206750744;1064959634259;
8986031740206750745;1064959634379;
8986031740206750746;1064959634319;
8986031740206750747;1064959634399;
8986031740206750748;1064959634299;
8986031740206750749;1064959634359;
8986031740206750750;1064959634239;
8986031740206750751;1064959634419;
8986031740206750752;1064959634339;
8986031740206750753;1064959629662;
8986031740206750754;1064959629682;
8986031740206750755;1064959629722;
8986031740206750756;1064959629702;
8986031740206750757;1064959629602;
8986031740206750758;1064959629642;
8986031740206750759;1064959629582;
8986031740206750760;1064959629622;
8986031740206750761;1064959641063;
8986031740206750762;1064959641303;
8986031740206750763;1064959641283;
8986031740206750764;1064959641343;
8986031740206750765;1064959641363;
8986031740206750766;1064959641323;
8986031740206750767;1064959641443;
8986031740206750768;1064959641423;
8986031740206750769;1064959641383;
8986031740206750770;1064959641403;
8986031740206750771;1064959632965;
8986031740206750772;1064959632785;
8986031740206750773;1064959632825;
8986031740206750774;1064959632845;
8986031740206750775;1064959632805;
8986031740206750776;1064959632865;
8986031740206750777;1064959632945;
8986031740206750778;1064959632905;
8986031740206750779;1064959632885;
8986031740206750780;1064959632925;
8986031740206750781;1064959626272;
8986031740206750782;1064959626352;
8986031740206750783;1064959626412;
8986031740206750784;1064959626632;
8986031740206750785;1064959626052;
8986031740206750786;1064959626312;
8986031740206750787;1064959626372;
8986031740206750788;1064959626292;
8986031740206750789;1064959626332;
8986031740206750790;1064959626392;
8986031740206750791;1064959632358;
8986031740206750792;1064959632398;
8986031740206750793;1064959632418;
8986031740206750794;1064959632838;
8986031740206750795;1064959632318;
8986031740206750796;1064959632858;
8986031740206750797;1064959632338;
8986031740206750798;1064959632378;
8986031740206750799;1064959622580;
8986031740206750800;1064959621360;
8986031740206750801;1064959623220;
8986031740206750802;1064959621340;
8986031740206750803;1064959623280;
8986031740206750804;1064959621060;
8986031740206750805;1064959623240;
8986031740206750806;1064959636519;
8986031740206750807;1064959636219;
8986031740206750808;1064959636459;
8986031740206750809;1064959636499;
8986031740206750810;1064959636439;
8986031740206750811;1064959636479;
8986031740206750812;1064959636159;
8986031740206750813;1064959636179;
8986031740206750814;1064959636139;
8986031740206750815;1064959636199;
8986031740206750816;1064959628765;
8986031740206750817;1064959628725;
8986031740206750818;1064959628685;
8986031740206750819;1064959628805;
8986031740206750820;1064959628705;
8986031740206750821;1064959628645;
8986031740206750822;1064959628625;
8986031740206750823;1064959628785;
8986031740206750824;1064959628665;
8986031740206750825;1064959628745;
8986031740206750826;1064959624246;
8986031740206750827;1064959624206;
8986031740206750828;1064959624186;
8986031740206750829;1064959624346;
8986031740206750830;1064959624286;
8986031740206750831;1064959624306;
8986031740206750832;1064959624226;
8986031740206750833;1064959624266;
8986031740206750834;1064959624166;
8986031740206750835;1064959624326;
8986031740206750836;1064959619434;
8986031740206750837;1064959619414;
8986031740206750838;1064959619394;
8986031740206750839;1064959619374;
8986031740206750840;1064959619354;
8986031740206750841;1064959619294;
8986031740206750842;1064959619314;
8986031740206750843;1064959619254;
8986031740206750844;1064959619334;
8986031740206750845;1064959619274;
8986031740206750846;1064959628482;
8986031740206750847;1064959628522;
8986031740206750848;1064959628382;
8986031740206750849;1064959628422;
8986031740206750850;1064959628462;
8986031740206750851;1064959628362;
8986031740206750852;1064959628502;
8986031740206750853;1064959628542;
8986031740206750854;1064959628442;
8986031740206750855;1064959628402;
8986031740206750856;1064959617126;
8986031740206750857;1064959619506;
8986031740206750858;1064959619206;
8986031740206750859;1064959617106;
8986031740206750860;1064959619126;
8986031740206750861;1064959617226;
8986031740206750862;1064959618866;
8986031740206750863;1064959617326;
8986031740206750864;1064959619486;
8986031740206750865;1064959619246;
8986031740206750866;1064959626112;
8986031740206750867;1064959626172;
8986031740206750868;1064959626232;
8986031740206750869;1064959626132;
8986031740206750870;1064959626212;
8986031740206750871;1064959626072;
8986031740206750872;1064959626252;
8986031740206750873;1064959626152;
8986031740206750874;1064959626192;
8986031740206750875;1064959626092;
8986031740206750876;1064959623520;
8986031740206750877;1064959623480;
8986031740206750878;1064959623580;
8986031740206750879;1064959623560;
8986031740206750880;1064959623460;
8986031740206750881;1064959623500;
8986031740206750882;1064959623540;
8986031740206750883;1064959623420;
8986031740206750884;1064959623600;
8986031740206750885;1064959623440;
8986031740206750886;1064959637803;
8986031740206750887;1064959637883;
8986031740206750888;1064959637903;
8986031740206750889;1064959637923;
8986031740206750890;1064959637823;
8986031740206750891;1064959637943;
8986031740206750892;1064959637843;
8986031740206750893;1064959637863;
8986031740206750894;1064959637963;
8986031740206750895;1064959637383;
8986031740206750896;1064959618014;
8986031740206750897;1064959618434;
8986031740206750898;1064959618374;
8986031740206750899;1064959618354;
8986031740206750900;1064959618334;
8986031740206750901;1064959618394;
8986031740206750902;1064959618674;
8986031740206750903;1064959618034;
8986031740206750904;1064959618414;
8986031740206750905;1064959618454;
8986031740206750906;1064959623821;
8986031740206750907;1064959623801;
8986031740206750908;1064959623841;
8986031740206750909;1064959623861;
8986031740206750910;1064959623681;
8986031740206750911;1064959623761;
8986031740206750912;1064959623721;
8986031740206750913;1064959623741;
8986031740206750914;1064959623701;
8986031740206750915;1064959623781;
8986031740206750916;1064959625612;
8986031740206750917;1064959625052;
8986031740206750918;1064959625232;
8986031740206750919;1064959625552;
8986031740206750920;1064959625532;
8986031740206750921;1064959625072;
8986031740206750922;1064959625592;
8986031740206750923;1064959625572;
8986031740206750924;1064959625312;
8986031740206750925;1064959625292;
8986031740206750926;1064959647016;
8986031740206750927;1064959647036;
8986031740206750928;1064959647136;
8986031740206750929;1064959646956;
8986031740206750930;1064959647096;
8986031740206750931;1064959646996;
8986031740206750932;1064959646976;
8986031740206750933;1064959647116;
8986031740206750934;1064959647076;
8986031740206750935;1064959647056;
8986031740206750936;1064959619109;
8986031740206750937;1064959619089;
8986031740206750938;1064959619009;
8986031740206750939;1064959619049;
8986031740206750940;1064959618989;
8986031740206750941;1064959619129;
8986031740206750942;1064959618949;
8986031740206750943;1064959619029;
8986031740206750944;1064959619069;
8986031740206750945;1064959618969;
8986031740206750946;1064959614928;
8986031740206750947;1064959614868;
8986031740206750948;1064959614848;
8986031740206750949;1064959614808;
8986031740206750950;1064959614828;
8986031740206750951;1064959614888;
8986031740206750952;1064959614468;
8986031740206750953;1064959614788;
8986031740206750954;1064959614488;
8986031740206750955;1064959614908;
8986031740206750956;1064959628152;
8986031740206750957;1064959628132;
8986031740206750958;1064959628012;
8986031740206750959;1064959627992;
8986031740206750960;1064959628052;
8986031740206750961;1064959628072;
8986031740206750962;1064959628112;
8986031740206750963;1064959628172;
8986031740206750964;1064959628032;
8986031740206750965;1064959628092;
8986031740206750966;1064959646427;
8986031740206750967;1064959646147;
8986031740206750968;1064959644847;
8986031740206750969;1064959646107;
8986031740206750970;1064959644867;
8986031740206750971;1064959646387;
8986031740206750972;1064959646367;
8986031740206750973;1064959646127;
8986031740206750974;1064959646407;
8986031740206750975;1064959644887;
8986031740206750976;1064959641670;
8986031740206750977;1064959641510;
8986031740206750978;1064959641550;
8986031740206750979;1064959641630;
8986031740206750980;1064959641650;
8986031740206750981;1064959641610;
8986031740206750982;1064959641590;
8986031740206750983;1064959641530;
8986031740206750984;1064959641690;
8986031740206750985;1064959641570;
8986031740206750986;1064959628302;
8986031740206750987;1064959628322;
8986031740206750988;1064959628342;
8986031740206750989;1064959628562;
8986031740206750990;1064959628602;
8986031740206750991;1064959628242;
8986031740206750992;1064959628262;
8986031740206750993;1064959628282;
8986031740206750994;1064959628582;
8986031740206750995;1064959628622;
8986031740206750996;1064959630324;
8986031740206750997;1064959630364;
8986031740206750998;1064959629124;
8986031740206750999;1064959630344;
8986031740206751000;1064959629064;
8986031740206751001;1064959629104;
8986031740206751002;1064959629084;
8986031740206751003;1064959629024;
8986031740206751004;1064959629044;
8986031740206751005;1064959629004;
8986031740206751006;1064959629775;
8986031740206751007;1064959629635;
8986031740206751008;1064959629615;
8986031740206751009;1064959629755;
8986031740206751010;1064959629675;
8986031740206751011;1064959629735;
8986031740206751012;1064959629715;
8986031740206751013;1064959631455;
8986031740206751014;1064959629655;
8986031740206751015;1064959629695;
8986031740206751016;1064959630918;
8986031740206751017;1064959630958;
8986031740206751018;1064959630638;
8986031740206751019;1064959630898;
8986031740206751020;1064959630618;
8986031740206751021;1064959630938;
8986031740206751022;1064959630878;
8986031740206751023;1064959630978;
8986031740206751024;1064959630858;
8986031740206751025;1064959629465;
8986031740206751026;1064959629245;
8986031740206751027;1064959629385;
8986031740206751028;1064959629325;
8986031740206751029;1064959629425;
8986031740206751030;1064959629305;
8986031740206751031;1064959629365;
8986031740206751032;1064959629265;
8986031740206751033;1064959629225;
8986031740206751034;1064959629345;
8986031740206751035;1064959618729;
8986031740206751036;1064959619249;
8986031740206751037;1064959619149;
8986031740206751038;1064959619169;
8986031740206751039;1064959618769;
8986031740206751040;1064959619209;
8986031740206751041;1064959618709;
8986031740206751042;1064959618749;
8986031740206751043;1064959619189;
8986031740206751044;1064959619229;
8986031740206751045;1064959623100;
8986031740206751046;1064959623140;
8986031740206751047;1064959623180;
8986031740206751048;1064959623160;
8986031740206751049;1064959622820;
8986031740206751050;1064959623120;
8986031740206751051;1064959623080;
8986031740206751052;1064959622840;
8986031740206751053;1064959623060;
8986031740206751054;1064959622600;
8986031740206751055;1064959629211;
8986031740206751056;1064959629071;
8986031740206751057;1064959629291;
8986031740206751058;1064959629251;
8986031740206751059;1064959629271;
8986031740206751060;1064959629231;
8986031740206751061;1064959638379;
8986031740206751062;1064959638319;
8986031740206751063;1064959638399;
8986031740206751064;1064959638479;
8986031740206751065;1064959638439;
8986031740206751066;1064959638459;
8986031740206751067;1064959638499;
8986031740206751068;1064959638419;
8986031740206751069;1064959638339;
8986031740206751070;1064959638359;
8986031740206751071;1064959638819;
8986031740206751072;1064959638919;
8986031740206751073;1064959638759;
8986031740206751074;1064959638859;
8986031740206751075;1064959638779;
8986031740206751076;1064959638839;
8986031740206751077;1064959638899;
8986031740206751078;1064959638799;
8986031740206751079;1064959638879;
8986031740206751080;1064959638739;
8986031740206751081;1064959633665;
8986031740206751082;1064959633685;
8986031740206751083;1064959633345;
8986031740206751084;1064959633705;
8986031740206751085;1064959633585;
8986031740206751086;1064959633365;
8986031740206751087;1064959633645;
8986031740206751088;1064959633625;
8986031740206751089;1064959633325;
8986031740206751090;1064959633605;
8986031740206751091;1064959644007;
8986031740206751092;1064959643987;
8986031740206751093;1064959644127;
8986031740206751094;1064959644087;
8986031740206751095;1064959644107;
8986031740206751096;1064959644147;
8986031740206751097;1064959644047;
8986031740206751098;1064959643927;
8986031740206751099;1064959643947;
8986031740206751100;1064959644027;
8986031740206751101;1064959619814;
8986031740206751102;1064959620754;
8986031740206751103;1064959620094;
8986031740206751104;1064959620794;
8986031740206751105;1064959620074;
8986031740206751106;1064959648507;
8986031740206751107;1064959648547;
8986031740206751108;1064959648427;
8986031740206751109;1064959648467;
8986031740206751110;1064959648407;
8986031740206751111;1064959648567;
8986031740206751112;1064959648387;
8986031740206751113;1064959648487;
8986031740206751114;1064959648447;
8986031740206751115;1064959648527;
8986031740206751116;1064959622146;
8986031740206751117;1064959622786;
8986031740206751118;1064959622166;
8986031740206751119;1064959621526;
8986031740206751120;1064959623066;
8986031740206751121;1064959623086;
8986031740206751122;1064959621226;
8986031740206751123;1064959621506;
8986031740206751124;1064959621186;
8986031740206751125;1064959623046;
8986031740206751126;1064959624341;
8986031740206751127;1064959624321;
8986031740206751128;1064959624281;
8986031740206751129;1064959624221;
8986031740206751130;1064959624361;
8986031740206751131;1064959624381;
8986031740206751132;1064959624241;
8986031740206751133;1064959624261;
8986031740206751134;1064959624301;
8986031740206751135;1064959624401;
8986031740206751136;1064959628411;
8986031740206751137;1064959628431;
8986031740206751138;1064959628331;
8986031740206751139;1064959628351;
8986031740206751140;1064959628391;
8986031740206751141;1064959628311;
8986031740206751142;1064959628371;
8986031740206751143;1064959628291;
8986031740206751144;1064959628271;
8986031740206751145;1064959628251;
8986031740206751146;1064959625431;
8986031740206751147;1064959625451;
8986031740206751148;1064959625471;
8986031740206751149;1064959625391;
8986031740206751150;1064959625371;
8986031740206751151;1064959625291;
8986031740206751152;1064959625351;
8986031740206751153;1064959625331;
8986031740206751154;1064959625411;
8986031740206751155;1064959625311;
8986031740206751156;1064959630845;
8986031740206751157;1064959630765;
8986031740206751158;1064959630585;
8986031740206751159;1064959630725;
8986031740206751160;1064959630785;
8986031740206751161;1064959630685;
8986031740206751162;1064959630805;
8986031740206751163;1064959630625;
8986031740206751164;1064959630825;
8986031740206751165;1064959630365;
8986031740206751166;1064959623921;
8986031740206751167;1064959623621;
8986031740206751168;1064959623881;
8986031740206751169;1064959623941;
8986031740206751170;1064959623581;
8986031740206751171;1064959623901;
8986031740206751172;1064959623361;
8986031740206751173;1064959623661;
8986031740206751174;1064959623641;
8986031740206751175;1064959623601;
8986031740206751176;1064959627026;
8986031740206751177;1064959627126;
8986031740206751178;1064959627186;
8986031740206751179;1064959627086;
8986031740206751180;1064959627106;
8986031740206751181;1064959627066;
8986031740206751182;1064959627166;
8986031740206751183;1064959627146;
8986031740206751184;1064959627206;
8986031740206751185;1064959627046;
8986031740206751186;1064959649747;
8986031740206751187;1064959649827;
8986031740206751188;1064959649727;
8986031740206751189;1064959649707;
8986031740206751190;1064959649887;
8986031740206751191;1064959649867;
8986031740206751192;1064959649847;
8986031740206751193;1064959649767;
8986031740206751194;1064959649787;
8986031740206751195;1064959649807;
8986031740206751196;1064959647637;
8986031740206751197;1064959647337;
8986031740206751198;1064959647697;
8986031740206751199;1064959647677;
8986031740206751200;1064959647617;
8986031740206751201;1064959647397;
8986031740206751202;1064959647937;
8986031740206751203;1064959647377;
8986031740206751204;1064959647657;
8986031740206751205;1064959647717;
